group,Ethnic_Group,cohort,N,Total,region,percentage
16_2001,African,ONS,977740,53012455,England,1.8443590284585007
16_2001,African,TPP,330955,24085440,England,1.374087415467602
16_2001,Any other ethnic group,ONS,548420,53012455,England,1.034511606753545
16_2001,Any other ethnic group,TPP,407935,24085440,England,1.6936995961045345
16_2001,Bangladeshi,ONS,436515,53012455,England,0.8234197039167495
16_2001,Bangladeshi,TPP,124820,24085440,England,0.5182384046129114
16_2001,British,ONS,42279235,53012455,England,79.75339946056073
16_2001,British,TPP,16271945,24085440,England,67.55925986820253
16_2001,Caribbean,ONS,591015,53012455,England,1.1148606492568587
16_2001,Caribbean,TPP,123545,24085440,England,0.5129447500232506
16_2001,Chinese,ONS,379505,53012455,England,0.7158789382608295
16_2001,Chinese,TPP,154975,24085440,England,0.6434385255158304
16_2001,Indian,ONS,1395700,53012455,England,2.6327775236970257
16_2001,Indian,TPP,670370,24085440,England,2.7832997860948354
16_2001,Irish,ONS,517000,53012455,England,0.9752425161219189
16_2001,Irish,TPP,113610,24085440,England,0.47169576308342304
16_2001,Other Asian,ONS,819400,53012455,England,1.5456745023410066
16_2001,Other Asian,TPP,365895,24085440,England,1.5191543106540715
16_2001,Other Black,ONS,277855,53012455,England,0.5241315460678062
16_2001,Other Black,TPP,128105,24085440,England,0.5318773499674493
16_2001,Other Mixed,ONS,283005,53012455,England,0.5338462442458097
16_2001,Other Mixed,TPP,155015,24085440,England,0.6436046009539373
16_2001,Other White,ONS,2484905,53012455,England,4.68739846136158
16_2001,Other White,TPP,2062520,24085440,England,8.563347815111538
16_2001,Pakistani,ONS,1112280,53012455,England,2.098148444549493
16_2001,Pakistani,TPP,551990,24085440,England,2.2917995270171523
16_2001,White and Asian,ONS,332710,53012455,England,0.6276072292822508
16_2001,White and Asian,TPP,84530,24085440,England,0.3509589195796298
16_2001,White and Black African,ONS,161550,53012455,England,0.3047397069235899
16_2001,White and Black African,TPP,69245,24085440,England,0.2874973427929903
16_2001,White and Black Caribbean,ONS,415615,53012455,England,0.7839950064565017
16_2001,White and Black Caribbean,TPP,91865,24085440,England,0.38141300304250203
16_2001,NA,TPP,2378115,24085440,England,9.873662262346047
5_2001,Asian,ONS,3763900,53012455,England,7.100029606250079
5_2001,Asian,TPP,1713120,24085440,England,7.112678863246841
5_2001,Black,ONS,1846615,53012455,England,3.483360655528969
5_2001,Black,TPP,582640,24085440,England,2.4190548314666453
5_2001,Mixed/multiple ethnic groups,ONS,1192880,53012455,England,2.250188186908152
5_2001,Mixed/multiple ethnic groups,TPP,400655,24085440,England,1.6634738663690596
5_2001,Other,ONS,927920,53012455,England,1.7503811132685707
5_2001,Other,TPP,562830,24085440,England,2.336805970744151
5_2001,White,ONS,45281140,53012455,England,85.41604043804423
5_2001,White,TPP,18447975,24085440,England,76.59388825780222
5_2001,NA,TPP,2378220,24085440,England,9.874098210371079
16_2001,African,TPP,89945,5628115,East,1.5981372093498445
16_2001,Any other ethnic group,TPP,73500,5628115,East,1.3059434641971601
16_2001,Bangladeshi,TPP,37775,5628115,East,0.6711838688441867
16_2001,British,TPP,3832390,5628115,East,68.09366901706878
16_2001,Caribbean,TPP,25685,5628115,East,0.4563694949374702
16_2001,Chinese,TPP,34045,5628115,East,0.6049094590284669
16_2001,Indian,TPP,101510,5628115,East,1.8036234156551527
16_2001,Irish,TPP,30700,5628115,East,0.5454757054537798
16_2001,Other Asian,TPP,68015,5628115,East,1.2084863226853042
16_2001,Other Black,TPP,31835,5628115,East,0.5656423154111101
16_2001,Other Mixed,TPP,37560,5628115,East,0.6673637621121814
16_2001,Other White,TPP,547750,5628115,East,9.732388197469312
16_2001,Pakistani,TPP,84595,5628115,East,1.5030787395069218
16_2001,White and Asian,TPP,19925,5628115,East,0.35402617039630496
16_2001,White and Black African,TPP,20755,5628115,East,0.3687735591756743
16_2001,White and Black Caribbean,TPP,21870,5628115,East,0.38858481036723663
16_2001,NA,TPP,570275,5628115,East,10.132611007415449
16_2001,African,TPP,55995,4174860,East Midlands,1.3412425805895287
16_2001,Any other ethnic group,TPP,59010,4174860,East Midlands,1.4134605711329242
16_2001,Bangladeshi,TPP,14050,4174860,East Midlands,0.3365382312221248
16_2001,British,TPP,2850540,4174860,East Midlands,68.27869677067015
16_2001,Caribbean,TPP,20255,4174860,East Midlands,0.48516596963730524
16_2001,Chinese,TPP,23985,4174860,East Midlands,0.574510282979549
16_2001,Indian,TPP,198450,4174860,East Midlands,4.753452810393642
16_2001,Irish,TPP,15290,4174860,East Midlands,0.3662398260061415
16_2001,Other Asian,TPP,51825,4174860,East Midlands,1.2413589916787628
16_2001,Other Black,TPP,20925,4174860,East Midlands,0.501214411980282
16_2001,Other Mixed,TPP,24280,4174860,East Midlands,0.5815763881902626
16_2001,Other White,TPP,340620,4174860,East Midlands,8.158836463977236
16_2001,Pakistani,TPP,52125,4174860,East Midlands,1.2485448613845733
16_2001,White and Asian,TPP,13970,4174860,East Midlands,0.33462199930057535
16_2001,White and Black African,TPP,11055,4174860,East Midlands,0.2647992986591167
16_2001,White and Black Caribbean,TPP,21605,4174860,East Midlands,0.5175023833134524
16_2001,NA,TPP,400875,4174860,East Midlands,9.602118394389272
16_2001,African,TPP,70360,1679270,London,4.189915856294699
16_2001,Any other ethnic group,TPP,118930,1679270,London,7.082244070340088
16_2001,Bangladeshi,TPP,17940,1679270,London,1.0683213539216445
16_2001,British,TPP,394375,1679270,London,23.484907132265807
16_2001,Caribbean,TPP,31095,1679270,London,1.8516974637789039
16_2001,Chinese,TPP,34380,1679270,London,2.0473181799234195
16_2001,Indian,TPP,171355,1679270,London,10.204136321139542
16_2001,Irish,TPP,23605,1679270,London,1.4056703210323533
16_2001,Other Asian,TPP,117520,1679270,London,6.998279014095409
16_2001,Other Black,TPP,29735,1679270,London,1.7707098917982218
16_2001,Other Mixed,TPP,32435,1679270,London,1.9314940420539877
16_2001,Other White,TPP,391550,1679270,London,23.31667927135005
16_2001,Pakistani,TPP,53450,1679270,London,3.182930678211365
16_2001,White and Asian,TPP,11300,1679270,London,0.6729114436630202
16_2001,White and Black African,TPP,8740,1679270,London,0.5204642493464422
16_2001,White and Black Caribbean,TPP,9720,1679270,London,0.5788229409207573
16_2001,NA,TPP,162780,1679270,London,9.693497769864285
16_2001,African,TPP,12880,1154530,North East,1.1156054844828631
16_2001,Any other ethnic group,TPP,19090,1154530,North East,1.6534867002156721
16_2001,Bangladeshi,TPP,3010,1154530,North East,0.2607121512650169
16_2001,British,TPP,883360,1154530,North East,76.512520246334
16_2001,Caribbean,TPP,3090,1154530,North East,0.2676413778767118
16_2001,Chinese,TPP,6760,1154530,North East,0.5855196486882107
16_2001,Indian,TPP,7315,1154530,North East,0.6335911583068435
16_2001,Irish,TPP,2860,1154530,North East,0.2477198513680892
16_2001,Other Asian,TPP,11545,1154530,North East,0.9999740154002061
16_2001,Other Black,TPP,3475,1154530,North East,0.300988280945493
16_2001,Other Mixed,TPP,5355,1154530,North East,0.46382510632032087
16_2001,Other White,TPP,65060,1154530,North East,5.635193541960798
16_2001,Pakistani,TPP,29525,1154530,North East,2.557317696378613
16_2001,White and Asian,TPP,3525,1154530,North East,0.30531904757780226
16_2001,White and Black African,TPP,2785,1154530,North East,0.2412237014196253
16_2001,White and Black Caribbean,TPP,3970,1154530,North East,0.34386287060535453
16_2001,NA,TPP,90930,1154530,North East,7.875932197517605
16_2001,African,TPP,11060,2072035,North West,0.5337747673181196
16_2001,Any other ethnic group,TPP,19355,2072035,North West,0.9341058428067093
16_2001,Bangladeshi,TPP,7315,2072035,North West,0.35303457711862973
16_2001,British,TPP,1680595,2072035,North West,81.10842722251313
16_2001,Caribbean,TPP,1070,2072035,North West,0.05164005434271139
16_2001,Chinese,TPP,8605,2072035,North West,0.4152922127280668
16_2001,Indian,TPP,20050,2072035,North West,0.9676477472629565
16_2001,Irish,TPP,5410,2072035,North West,0.2610959756953912
16_2001,Other Asian,TPP,16685,2072035,North West,0.8052470156150838
16_2001,Other Black,TPP,3390,2072035,North West,0.16360727497363703
16_2001,Other Mixed,TPP,6620,2072035,North West,0.3194926726623826
16_2001,Other White,TPP,84975,2072035,North West,4.101040764272804
16_2001,Pakistani,TPP,22330,2072035,North West,1.0776844985726592
16_2001,White and Asian,TPP,4610,2072035,North West,0.22248658927093412
16_2001,White and Black African,TPP,2750,2072035,North West,0.13271976583407133
16_2001,White and Black Caribbean,TPP,1710,2072035,North West,0.08252756348227708
16_2001,NA,TPP,175500,2072035,North West,8.46993414686528
16_2001,African,TPP,13945,1619390,South East,0.8611267205552707
16_2001,Any other ethnic group,TPP,25750,1619390,South East,1.5901049160486358
16_2001,Bangladeshi,TPP,7205,1619390,South East,0.444920618257492
16_2001,British,TPP,1144995,1619390,South East,70.70532731460611
16_2001,Caribbean,TPP,2640,1619390,South East,0.16302434867450089
16_2001,Chinese,TPP,9715,1619390,South East,0.5999172527927182
16_2001,Indian,TPP,20510,1619390,South East,1.2665262845886416
16_2001,Irish,TPP,7740,1619390,South East,0.47795774952296854
16_2001,Other Asian,TPP,18075,1619390,South East,1.1161610235953043
16_2001,Other Black,TPP,5520,1619390,South East,0.3408690926830473
16_2001,Other Mixed,TPP,10870,1619390,South East,0.6712404053378124
16_2001,Other White,TPP,129585,1619390,South East,8.002087205676212
16_2001,Pakistani,TPP,9535,1619390,South East,0.588801956292184
16_2001,White and Asian,TPP,5700,1619390,South East,0.3519843891835815
16_2001,White and Black African,TPP,4830,1619390,South East,0.29826045609766644
16_2001,White and Black Caribbean,TPP,3375,1619390,South East,0.20841180938501536
16_2001,NA,TPP,199395,1619390,South East,12.312969698466707
16_2001,African,TPP,12630,3299385,South West,0.38279861246868735
16_2001,Any other ethnic group,TPP,26935,3299385,South West,0.8163642618245521
16_2001,Bangladeshi,TPP,5115,3299385,South West,0.15502889174800757
16_2001,British,TPP,2558900,3299385,South West,77.55687802423785
16_2001,Caribbean,TPP,4495,3299385,South West,0.13623751093006728
16_2001,Chinese,TPP,14345,3299385,South West,0.4347779965054093
16_2001,Indian,TPP,29080,3299385,South West,0.8813763777188779
16_2001,Irish,TPP,11110,3299385,South West,0.33672942078599494
16_2001,Other Asian,TPP,23130,3299385,South West,0.7010397392241281
16_2001,Other Black,TPP,5840,3299385,South West,0.1770026838335023
16_2001,Other Mixed,TPP,13775,3299385,South West,0.4175020496243997
16_2001,Other White,TPP,205045,3299385,South West,6.214643031958986
16_2001,Pakistani,TPP,4470,3299385,South West,0.13547979396160192
16_2001,White and Asian,TPP,8725,3299385,South West,0.264443221994402
16_2001,White and Black African,TPP,5640,3299385,South West,0.17094094808577961
16_2001,White and Black Caribbean,TPP,6885,3299385,South West,0.20867525311535334
16_2001,NA,TPP,363270,3299385,South West,11.010233725376093
16_2001,African,TPP,25955,990720,West Midlands,2.619811854005168
16_2001,Any other ethnic group,TPP,20075,990720,West Midlands,2.0263041020671837
16_2001,Bangladeshi,TPP,15350,990720,West Midlands,1.5493782299741603
16_2001,British,TPP,520445,990720,West Midlands,52.531996931524546
16_2001,Caribbean,TPP,24845,990720,West Midlands,2.5077721253229974
16_2001,Chinese,TPP,9850,990720,West Midlands,0.9942264211886305
16_2001,Indian,TPP,65075,990720,West Midlands,6.568455264857881
16_2001,Irish,TPP,6810,990720,West Midlands,0.6873788759689923
16_2001,Other Asian,TPP,21985,990720,West Midlands,2.219093184754522
16_2001,Other Black,TPP,15760,990720,West Midlands,1.590762273901809
16_2001,Other Mixed,TPP,9190,990720,West Midlands,0.927608204134367
16_2001,Other White,TPP,76405,990720,West Midlands,7.712067990956073
16_2001,Pakistani,TPP,70210,990720,West Midlands,7.086765180878553
16_2001,White and Asian,TPP,5285,990720,West Midlands,0.5334504198966408
16_2001,White and Black African,TPP,3660,990720,West Midlands,0.3694282945736434
16_2001,White and Black Caribbean,TPP,11890,990720,West Midlands,1.2001372739018088
16_2001,NA,TPP,87925,990720,West Midlands,8.874858688630491
16_2001,African,TPP,37850,3458055,Yorkshire and The Humber,1.0945459224911114
16_2001,Any other ethnic group,TPP,45130,3458055,Yorkshire and The Humber,1.3050688898817397
16_2001,Bangladeshi,TPP,17040,3458055,Yorkshire and The Humber,0.4927625500461965
16_2001,British,TPP,2400330,3458055,Yorkshire and The Humber,69.41271899955322
16_2001,Caribbean,TPP,10245,3458055,Yorkshire and The Humber,0.2962648078182678
16_2001,Chinese,TPP,13280,3458055,Yorkshire and The Humber,0.38403090754774
16_2001,Indian,TPP,56915,3458055,Yorkshire and The Humber,1.645867402340333
16_2001,Irish,TPP,10070,3458055,Yorkshire and The Humber,0.2912041595636854
16_2001,Other Asian,TPP,37010,3458055,Yorkshire and The Humber,1.0702548108691157
16_2001,Other Black,TPP,11505,3458055,Yorkshire and The Humber,0.3327014752512612
16_2001,Other Mixed,TPP,14820,3458055,Yorkshire and The Humber,0.4285646121880653
16_2001,Other White,TPP,221075,3458055,Yorkshire and The Humber,6.393044645038902
16_2001,Pakistani,TPP,225445,3458055,Yorkshire and The Humber,6.5194162614533315
16_2001,White and Asian,TPP,11470,3458055,Yorkshire and The Humber,0.3316893456003447
16_2001,White and Black African,TPP,8945,3458055,Yorkshire and The Humber,0.258671420784227
16_2001,White and Black Caribbean,TPP,10635,3458055,Yorkshire and The Humber,0.30754282392848004
16_2001,NA,TPP,326300,3458055,Yorkshire and The Humber,9.435940145544244
16_2001,African,TPP,330,9070,NA,3.6383682469680267
16_2001,Any other ethnic group,TPP,155,9070,NA,1.7089305402425579
16_2001,Bangladeshi,TPP,20,9070,NA,0.2205071664829107
16_2001,British,TPP,6020,9070,NA,66.37265711135612
16_2001,Caribbean,TPP,135,9070,NA,1.4884233737596473
16_2001,Chinese,TPP,15,9070,NA,0.16538037486218302
16_2001,Indian,TPP,105,9070,NA,1.1576626240352812
16_2001,Irish,TPP,20,9070,NA,0.2205071664829107
16_2001,Other Asian,TPP,100,9070,NA,1.1025358324145533
16_2001,Other Black,TPP,120,9070,NA,1.3230429988974641
16_2001,Other Mixed,TPP,105,9070,NA,1.1576626240352812
16_2001,Other White,TPP,455,9070,NA,5.016538037486218
16_2001,Pakistani,TPP,300,9070,NA,3.307607497243661
16_2001,White and Asian,TPP,25,9070,NA,0.27563395810363833
16_2001,White and Black African,TPP,90,9070,NA,0.9922822491730982
16_2001,White and Black Caribbean,TPP,210,9070,NA,2.3153252480705624
16_2001,NA,TPP,860,9070,NA,9.481808158765158
5_2001,Asian,TPP,291885,5628115,East,5.186194667308682
5_2001,Black,TPP,147475,5628115,East,2.6203266990813088
5_2001,Mixed/multiple ethnic groups,TPP,100110,5628115,East,1.7787483020513972
5_2001,Other,TPP,107535,5628115,East,1.910675243842743
5_2001,White,TPP,4410835,5628115,East,78.37144408030042
5_2001,NA,TPP,570280,5628115,East,10.13269984710689
5_2001,Asian,TPP,316445,4174860,East Midlands,7.579775130184006
5_2001,Black,TPP,97170,4174860,East Midlands,2.3275031977120193
5_2001,Mixed/multiple ethnic groups,TPP,70920,4174860,East Midlands,1.6987395984536007
5_2001,Other,TPP,82960,4174860,East Midlands,1.9871325026467954
5_2001,White,TPP,3206450,4174860,East Midlands,76.80377306065354
5_2001,NA,TPP,400915,4174860,East Midlands,9.603076510350048
5_2001,Asian,TPP,360290,1679270,London,21.455156109499963
5_2001,Black,TPP,131195,1679270,London,7.812620960298225
5_2001,Mixed/multiple ethnic groups,TPP,62200,1679270,London,3.7039904244106068
5_2001,Other,TPP,153295,1679270,London,9.128669004984308
5_2001,White,TPP,809495,1679270,London,48.20517248566341
5_2001,NA,TPP,162795,1679270,London,9.694391015143484
5_2001,Asian,TPP,51395,1154530,North East,4.45159502135068
5_2001,Black,TPP,19450,1154530,North East,1.6846682199682987
5_2001,Mixed/multiple ethnic groups,TPP,15625,1154530,North East,1.353364572596641
5_2001,Other,TPP,25840,1154530,North East,2.2381401955774214
5_2001,White,TPP,951290,1154530,North East,82.39629979298935
5_2001,NA,TPP,90925,1154530,North East,7.875499120854373
5_2001,Asian,TPP,66385,2072035,North West,3.2038551472344823
5_2001,Black,TPP,15525,2072035,North West,0.7492634052996209
5_2001,Mixed/multiple ethnic groups,TPP,15710,2072035,North West,0.7581918259102766
5_2001,Other,TPP,27965,2072035,North West,1.3496393641999291
5_2001,White,TPP,1770965,2072035,North West,85.46984003648586
5_2001,NA,TPP,175490,2072035,North West,8.469451529534973
5_2001,Asian,TPP,55335,1619390,South East,3.4170273992058733
5_2001,Black,TPP,22110,1619390,South East,1.365328920148945
5_2001,Mixed/multiple ethnic groups,TPP,24775,1619390,South East,1.5298970600040758
5_2001,Other,TPP,35440,1619390,South East,2.188478377660724
5_2001,White,TPP,1282315,1619390,South East,79.18506351156918
5_2001,NA,TPP,199415,1619390,South East,12.31420473141121
5_2001,Asian,TPP,61800,3299385,South West,1.8730763460463085
5_2001,Black,TPP,22965,3299385,South West,0.696038807232257
5_2001,Mixed/multiple ethnic groups,TPP,35030,3299385,South West,1.0617130162136277
5_2001,Other,TPP,41285,3299385,South West,1.2512938017236546
5_2001,White,TPP,2775040,3299385,South West,84.10779584680175
5_2001,NA,TPP,363265,3299385,South West,11.0100821819824
5_2001,Asian,TPP,172650,990720,West Midlands,17.426719961240313
5_2001,Black,TPP,66555,990720,West Midlands,6.717841569767442
5_2001,Mixed/multiple ethnic groups,TPP,30010,990720,West Midlands,3.029110142118863
5_2001,Other,TPP,29920,990720,West Midlands,3.0200258397932815
5_2001,White,TPP,603640,990720,West Midlands,60.929425064599485
5_2001,NA,TPP,87945,990720,West Midlands,8.87687742248062
5_2001,Asian,TPP,336410,3458055,Yorkshire and The Humber,9.728301024708976
5_2001,Black,TPP,59605,3458055,Yorkshire and The Humber,1.7236567955107713
5_2001,Mixed/multiple ethnic groups,TPP,45855,3458055,Yorkshire and The Humber,1.326034432650724
5_2001,Other,TPP,58415,3458055,Yorkshire and The Humber,1.6892443873796108
5_2001,White,TPP,2631445,3458055,Yorkshire and The Humber,76.09610026445502
5_2001,NA,TPP,326325,3458055,Yorkshire and The Humber,9.436663095294898
5_2001,Asian,TPP,525,9070,NA,5.788313120176405
5_2001,Black,TPP,585,9070,NA,6.449834619625137
5_2001,Mixed/multiple ethnic groups,TPP,425,9070,NA,4.685777287761852
5_2001,Other,TPP,170,9070,NA,1.8743109151047408
5_2001,White,TPP,6495,9070,NA,71.60970231532525
5_2001,NA,TPP,865,9070,NA,9.536934950385888
5_2001,Asian,ONS,244870,5846965,East,4.187984706595644
5_2001,Black,ONS,117440,5846965,East,2.0085634170890367
5_2001,Mixed/multiple ethnic groups,ONS,112115,5846965,East,1.9174905271367282
5_2001,Other,ONS,62345,5846965,East,1.0662796852726157
5_2001,White,ONS,5310195,5846965,East,90.81968166390597
5_2001,Asian,ONS,269020,4533220,East Midlands,5.934413066209008
5_2001,Black,ONS,81485,4533220,East Midlands,1.7975081729984428
5_2001,Mixed/multiple ethnic groups,ONS,86225,4533220,East Midlands,1.9020696105637935
5_2001,Other,ONS,50140,4533220,East Midlands,1.1060570631912856
5_2001,White,ONS,4046355,4533220,East Midlands,89.26006238391254
5_2001,Asian,ONS,1387295,8173940,London,16.972170091779486
5_2001,Black,ONS,1088640,8173940,London,13.31842416264372
5_2001,Mixed/multiple ethnic groups,ONS,405280,8173940,London,4.958196414458633
5_2001,Other,ONS,405290,8173940,London,4.958318754480703
5_2001,White,ONS,4887435,8173940,London,59.79289057663746
5_2001,Asian,ONS,60315,2596885,North East,2.3225903341888454
5_2001,Black,ONS,13220,2596885,North East,0.5090714452122447
5_2001,Mixed/multiple ethnic groups,ONS,22450,2596885,North East,0.8644972726940161
5_2001,Other,ONS,25335,2596885,North East,0.9755919110780801
5_2001,White,ONS,2475565,2596885,North East,95.32824903682682
5_2001,Asian,ONS,389435,7052175,North West,5.522197052682328
5_2001,Black,ONS,97870,7052175,North West,1.3877987996610974
5_2001,Mixed/multiple ethnic groups,ONS,110890,7052175,North West,1.5724226922899673
5_2001,Other,ONS,92265,7052175,North West,1.3083197736868413
5_2001,White,ONS,6361715,7052175,North West,90.20926168167976
5_2001,Asian,ONS,398980,8634750,South East,4.620631749616376
5_2001,Black,ONS,136015,8634750,South East,1.5752048409044848
5_2001,Mixed/multiple ethnic groups,ONS,167765,8634750,South East,1.9429051217464317
5_2001,Other,ONS,104170,8634750,South East,1.206404354497814
5_2001,White,ONS,7827820,8634750,South East,90.65485393323489
5_2001,Asian,ONS,83295,5288935,South West,1.5748917315111644
5_2001,Black,ONS,49475,5288935,South West,0.9354435250196873
5_2001,Mixed/multiple ethnic groups,ONS,71885,5288935,South West,1.3591583182625613
5_2001,Other,ONS,37850,5288935,South West,0.7156450211621054
5_2001,White,ONS,5046430,5288935,South West,95.41486140404449
5_2001,Asian,ONS,573160,5601845,West Midlands,10.231629043645443
5_2001,Black,ONS,182125,5601845,West Midlands,3.251161001420068
5_2001,Mixed/multiple ethnic groups,ONS,131715,5601845,West Midlands,2.351278909002302
5_2001,Other,ONS,81180,5601845,West Midlands,1.4491654088965331
5_2001,White,ONS,4633670,5601845,West Midlands,82.71685489334317
5_2001,Asian,ONS,357530,5283735,Yorkshire and The Humber,6.766614904040419
5_2001,Black,ONS,80345,5283735,Yorkshire and The Humber,1.5206099473194625
5_2001,Mixed/multiple ethnic groups,ONS,84560,5283735,Yorkshire and The Humber,1.6003830623602433
5_2001,Other,ONS,69345,5283735,Yorkshire and The Humber,1.3124238819698566
5_2001,White,ONS,4691955,5283735,Yorkshire and The Humber,88.79996820431002
16_2001,African,ONS,69925,5846965,East,1.195919592472334
16_2001,Any other ethnic group,ONS,28840,5846965,East,0.4932473514036769
16_2001,Bangladeshi,ONS,32990,5846965,East,0.5642243454510161
16_2001,British,ONS,4986170,5846965,East,85.27791768892065
16_2001,Caribbean,ONS,33615,5846965,East,0.5749136517834467
16_2001,Chinese,ONS,33505,5846965,East,0.5730323338689388
16_2001,Indian,ONS,86735,5846965,East,1.483419175589387
16_2001,Irish,ONS,55575,5846965,East,0.9504931190797277
16_2001,Other Asian,ONS,58870,5846965,East,1.0068471420643017
16_2001,Other Black,ONS,13905,5846965,East,0.23781568728391567
16_2001,Other Mixed,ONS,27280,5846965,East,0.46656684279793015
16_2001,Other White,ONS,268450,5846965,East,4.591270855905585
16_2001,Pakistani,ONS,66270,5846965,East,1.1334085290402798
16_2001,White and Asian,ONS,32225,5846965,East,0.551140634500121
16_2001,White and Black African,ONS,15390,5846965,East,0.2632134791297707
16_2001,White and Black Caribbean,ONS,37220,5846965,East,0.6365695707089063
16_2001,African,ONS,41770,4533220,East Midlands,0.9214200943258876
16_2001,Any other ethnic group,ONS,25735,4533220,East Midlands,0.5676980159798113
16_2001,Bangladeshi,ONS,13260,4533220,East Midlands,0.29250731268281704
16_2001,British,ONS,3871145,4533220,East Midlands,85.3950392877469
16_2001,Caribbean,ONS,28915,4533220,East Midlands,0.6378468285236543
16_2001,Chinese,ONS,24405,4533220,East Midlands,0.5383590472114743
16_2001,Indian,ONS,168930,4533220,East Midlands,3.726490221079056
16_2001,Irish,ONS,28675,4533220,East Midlands,0.6325525785203454
16_2001,Other Asian,ONS,37895,4533220,East Midlands,0.8359400161474625
16_2001,Other Black,ONS,10805,4533220,East Midlands,0.2383515470239697
16_2001,Other Mixed,ONS,15320,4533220,East Midlands,0.3379496252112185
16_2001,Other White,ONS,146535,4533220,East Midlands,3.232470517645294
16_2001,Pakistani,ONS,48940,4533220,East Midlands,1.0795858131747411
16_2001,White and Asian,ONS,21690,4533220,East Midlands,0.4784678440490424
16_2001,White and Black African,ONS,8815,4533220,East Midlands,0.19445339074653337
16_2001,White and Black Caribbean,ONS,40405,4533220,East Midlands,0.8913090474320682
16_2001,African,ONS,573930,8173940,London,7.0214608866715436
16_2001,Any other ethnic group,ONS,281040,8173940,London,3.4382439802592137
16_2001,Bangladeshi,ONS,222125,8173940,London,2.7174777402329844
16_2001,British,ONS,3669285,8173940,London,44.89004078816336
16_2001,Caribbean,ONS,344595,8173940,London,4.215775990525988
16_2001,Chinese,ONS,124250,8173940,London,1.5200747742214893
16_2001,Indian,ONS,542855,8173940,London,6.641289268088584
16_2001,Irish,ONS,175975,8173940,London,2.1528785383792886
16_2001,Other Asian,ONS,398515,8173940,London,4.875433389528183
16_2001,Other Black,ONS,170110,8173940,London,2.081126115435151
16_2001,Other Mixed,ONS,118875,8173940,London,1.4543170123587892
16_2001,Other White,ONS,1042175,8173940,London,12.749971250094813
16_2001,Pakistani,ONS,223795,8173940,London,2.7379085239186978
16_2001,White and Asian,ONS,101500,8173940,London,1.2417512240119208
16_2001,White and Black African,ONS,65480,8173940,London,0.8010824645152766
16_2001,White and Black Caribbean,ONS,119425,8173940,London,1.4610457135726467
16_2001,African,ONS,10980,2596885,North East,0.4228142563109264
16_2001,Any other ethnic group,ONS,11050,2596885,North East,0.42550979346409257
16_2001,Bangladeshi,ONS,10970,2596885,North East,0.4224291795747598
16_2001,British,ONS,2431425,2596885,North East,93.62852032338745
16_2001,Caribbean,ONS,1195,2596885,North East,0.046016669971908654
16_2001,Chinese,ONS,14285,2596885,North East,0.5500821176139875
16_2001,Indian,ONS,15815,2596885,North East,0.6089988582474772
16_2001,Irish,ONS,8035,2596885,North East,0.30940915750986275
16_2001,Other Asian,ONS,13695,2596885,North East,0.5273625901801582
16_2001,Other Black,ONS,1045,2596885,North East,0.040240518929409656
16_2001,Other Mixed,ONS,4940,2596885,North East,0.1902279076663002
16_2001,Other White,ONS,36110,2596885,North East,1.390512094297591
16_2001,Pakistani,ONS,19830,2596885,North East,0.763607167818367
16_2001,White and Asian,ONS,8020,2596885,North East,0.3088315424056129
16_2001,White and Black African,ONS,3550,2596885,North East,0.13670224133914285
16_2001,White and Black Caribbean,ONS,5940,2596885,North East,0.22873558128296018
16_2001,African,ONS,59280,7052175,North West,0.8405917323378957
16_2001,Any other ethnic group,ONS,44215,7052175,North West,0.6269696937469647
16_2001,Bangladeshi,ONS,45895,7052175,North West,0.6507921315055285
16_2001,British,ONS,6141070,7052175,North West,87.08051062260934
16_2001,Caribbean,ONS,23130,7052175,North West,0.327983919854513
16_2001,Chinese,ONS,48050,7052175,North West,0.6813500799398767
16_2001,Indian,ONS,107355,7052175,North West,1.5222963128396558
16_2001,Irish,ONS,64930,7052175,North West,0.920708859323542
16_2001,Other Asian,ONS,46750,7052175,North West,0.6629160507219404
16_2001,Other Black,ONS,15460,7052175,North West,0.21922314746868873
16_2001,Other Mixed,ONS,22765,7052175,North West,0.3228082116510155
16_2001,Other White,ONS,155715,7052175,North West,2.208042199746887
16_2001,Pakistani,ONS,189435,7052175,North West,2.686192557615204
16_2001,White and Asian,ONS,30530,7052175,North West,0.43291608617199656
16_2001,White and Black African,ONS,18390,7052175,North West,0.26077061332142215
16_2001,White and Black Caribbean,ONS,39205,7052175,North West,0.5559277811455331
16_2001,African,ONS,87345,8634750,South East,1.0115521584296012
16_2001,Any other ethnic group,ONS,51110,8634750,South East,0.5919105938214771
16_2001,Bangladeshi,ONS,27950,8634750,South East,0.32369205825298936
16_2001,British,ONS,7359000,8634750,South East,85.2253973768783
16_2001,Caribbean,ONS,34225,8634750,South East,0.3963635310808072
16_2001,Chinese,ONS,53060,8634750,South East,0.6144937606763369
16_2001,Indian,ONS,152130,8634750,South East,1.761834448015287
16_2001,Irish,ONS,73570,8634750,South East,0.8520223515446308
16_2001,Other Asian,ONS,119650,8634750,South East,1.3856799559917774
16_2001,Other Black,ONS,14445,8634750,South East,0.16728915139407627
16_2001,Other Mixed,ONS,40195,8634750,South East,0.4655027649903008
16_2001,Other White,ONS,395250,8634750,South East,4.577434204811952
16_2001,Pakistani,ONS,99245,8634750,South East,1.1493673818002836
16_2001,White and Asian,ONS,58765,8634750,South East,0.6805640001158111
16_2001,White and Black African,ONS,22825,8634750,South East,0.26433886331393497
16_2001,White and Black Caribbean,ONS,45980,8634750,South East,0.5324994933263847
16_2001,African,ONS,24225,5288935,South West,0.4580317209419288
16_2001,Any other ethnic group,ONS,15610,5288935,South West,0.2951444856100519
16_2001,Bangladeshi,ONS,8415,5288935,South West,0.15910575569561736
16_2001,British,ONS,4855675,5288935,South West,91.8081806639711
16_2001,Caribbean,ONS,15130,5288935,South West,0.28606893448302917
16_2001,Chinese,ONS,22245,5288935,South West,0.42059507254296
16_2001,Indian,ONS,34190,5288935,South West,0.646443943818557
16_2001,Irish,ONS,28615,5288935,South West,0.5410351989578243
16_2001,Other Asian,ONS,29070,5288935,South West,0.5496380651303145
16_2001,Other Black,ONS,10120,5288935,South West,0.19134286959472938
16_2001,Other Mixed,ONS,16255,5288935,South West,0.30733975743698877
16_2001,Other White,ONS,162135,5288935,South West,3.0655510041246488
16_2001,Pakistani,ONS,11620,5288935,South West,0.21970396686667543
16_2001,White and Asian,ONS,21410,5288935,South West,0.4048073950615767
16_2001,White and Black African,ONS,8550,5288935,South West,0.16165825445009252
16_2001,White and Black Caribbean,ONS,25670,5288935,South West,0.4853529113139034
16_2001,African,ONS,64255,5601845,West Midlands,1.1470328079409553
16_2001,Any other ethnic group,ONS,49905,5601845,West Midlands,0.8908672053582346
16_2001,Bangladeshi,ONS,52475,5601845,West Midlands,0.9367449474235721
16_2001,British,ONS,4434335,5601845,West Midlands,79.15847368143888
16_2001,Caribbean,ONS,86795,5601845,West Midlands,1.5494002422416187
16_2001,Chinese,ONS,31275,5601845,West Midlands,0.5582982035382986
16_2001,Indian,ONS,218440,5601845,West Midlands,3.899429562938639
16_2001,Irish,ONS,55215,5601845,West Midlands,0.9856574039445932
16_2001,Other Asian,ONS,74995,5601845,West Midlands,1.338755356494155
16_2001,Other Black,ONS,31080,5601845,West Midlands,0.5548172075450142
16_2001,Other Mixed,ONS,21390,5601845,West Midlands,0.3818384835710377
16_2001,Other White,ONS,144120,5601845,West Midlands,2.572723807959699
16_2001,Pakistani,ONS,227250,5601845,West Midlands,4.056699176789076
16_2001,White and Asian,ONS,32560,5601845,West Midlands,0.5812370745709673
16_2001,White and Black African,ONS,9230,5601845,West Midlands,0.16476714368212617
16_2001,White and Black Caribbean,ONS,68535,5601845,West Midlands,1.2234362071781708
16_2001,African,ONS,46035,5283735,Yorkshire and The Humber,0.8712586834881008
16_2001,Any other ethnic group,ONS,40910,5283735,Yorkshire and The Humber,0.7742629030411252
16_2001,Bangladeshi,ONS,22425,5283735,Yorkshire and The Humber,0.42441568322408296
16_2001,British,ONS,4531135,5283735,Yorkshire and The Humber,85.75628792889877
16_2001,Caribbean,ONS,23420,5283735,Yorkshire and The Humber,0.4432470591352519
16_2001,Chinese,ONS,28435,5283735,Yorkshire and The Humber,0.5381609789287313
16_2001,Indian,ONS,69250,5283735,Yorkshire and The Humber,1.3106259114054737
16_2001,Irish,ONS,26410,5283735,Yorkshire and The Humber,0.4998358168984629
16_2001,Other Asian,ONS,39960,5283735,Yorkshire and The Humber,0.7562831973972957
16_2001,Other Black,ONS,10890,5283735,Yorkshire and The Humber,0.20610420469610985
16_2001,Other Mixed,ONS,15990,5283735,Yorkshire and The Humber,0.3026268349945635
16_2001,Other White,ONS,134410,5283735,Yorkshire and The Humber,2.5438444585127757
16_2001,Pakistani,ONS,225890,5283735,Yorkshire and The Humber,4.275195481983862
16_2001,White and Asian,ONS,26010,5283735,Yorkshire and The Humber,0.49226541452211364
16_2001,White and Black African,ONS,9320,5283735,Yorkshire and The Humber,0.17639037536893884
16_2001,White and Black Caribbean,ONS,33240,5283735,Yorkshire and The Humber,0.6291004374746273
